Company Name, Stock Symbol
"-1x Short VIX Futures ETF","SVIX"
"2x Bitcoin ETF","BITX"
"2x Ether ETF","ETHU"
"2x Long VIX Futures ETF ","UVIX"
"3M CO COM","MMM"
"ABBOTT LABORATORIES COM","ABT"
"ABBVIE INC COM","ABBV"
"ABERCROMBIE & FITCH CO CL A","ANF"
"ABIVAX SA SPONSORED ADS","ABVX"
"ACADEMY SPORTS & OUTDOORS INC COM","ASO"
"ACCENTURE PLC IRELAND SHS CLASS A","ACN"
"ACM RESH INC COM CL A","ACMR"
"ADOBE INC COM","ADBE"
"ADVANCE AUTO PARTS INC COM","AAP"
"ADVANCED MICRO DEVICES INC COM","AMD"
"ADVISORSHARES TR PURE US CANN ETF","MSOS"
"AEHR TEST SYS COM","AEHR"
"AEROVIRONMENT INC COM","AVAV"
"AFFIRM HLDGS INC COM CL A","AFRM"
"AFLAC INC COM","AFL"
"AGNC INVT CORP COM","AGNC"
"AGNICO EAGLE MINES LTD COM","AEM"
"AIRBNB INC COM CL A","ABNB"
"AKAMAI TECHNOLOGIES INC COM","AKAM"
"ALBEMARLE CORP COM","ALB"
"ALBERTSONS COMPANIES INC COMMON STOCK","ACI"
"ALCOA CORP COM","AA"
"ALDEYRA THERAPEUTICS INC COM","ALDX"
"ALIBABA GROUP HLDG LTD SPONSORED ADS","BABA"
"ALIGN TECHNOLOGY INC COM","ALGN"
"ALPHA PRO TECH LTD COM","APT"
"ALPHABET INC CAP STK CL A","GOOGL"
"ALPHABET INC CAP STK CL C","GOOG"
"ALTIMMUNE INC COM NEW","ALT"
"ALTRIA GROUP INC COM","MO"
"AMAZON COM INC COM","AMZN"
"AMBARELLA INC SHS","AMBA"
"AMC ENTMT HLDGS INC CL A NEW","AMC"
"AMER SPORTS INC COM SHS","AS"
"AMERICAN AIRLINES GROUP INC COM","AAL"
"AMERICAN BITCOIN CORP. COM CL A","ABTC"
"AMERICAN EAGLE OUTFITTERS INC COM","AEO"
"AMERICAN EXPRESS CO COM","AXP"
"AMERICAN INTL GROUP INC COM NEW","AIG"
"AMGEN INC COM","AMGN"
"AMKOR TECHNOLOGY INC COM","AMKR"
"AMPLIFY ETF TR JR SILV MINE ETF","SILJ"
"AMPLITECH GROUP INC COM NEW","AMPG"
"AMPRIUS TECHNOLOGIES INC COMMON STOCK","AMPX"
"ANALOG DEVICES INC COM","ADI"
"ANHEUSER BUSCH INBEV SA NV SPONSORED ADR","BUD"
"ANNALY CAPITAL MANAGEMENT INC COM NEW","NLY"
"ANNOVIS BIO INC COM","ANVS"
"ANTERO RESOURCES CORP COM","AR"
"APA CORPORATION COM","APA"
"APOLLO GLOBAL MGMT INC COM","APO"
"APPLE INC COM","AAPL"
"APPLIED DIGITAL CORP COM NEW","APLD"
"APPLIED MATLS INC COM","AMAT"
"APPLIED OPTOELECTRONICS INC COM","AAOI"
"APPLOVIN CORP COM CL A","APP"
"ARBOR REALTY TRUST INC COM","ABR"
"ARCELORMITTAL SA LUXEMBOURG NY REGISTRY SH","MT"
"ARCHER AVIATION INC COM CL A","ACHR"
"ARES MANAGEMENT CORPORATION CL A COM STK","ARES"
"ARISTA NETWORKS INC COM SHS","ANET"
"ARK Genomic Revolution ETF","ARKG"
"ARK Innovation ETF","ARKK"
"ARM HOLDINGS PLC SPONSORED ADS","ARM"
"ASML HLDG NV N Y REGISTRY SHS","ASML"
"ASP ISOTOPES INC COM","ASPI"
"AST SPACEMOBILE INC COM CL A","ASTS"
"ASTERA LABS INC COM","ALAB"
"AT&T INC COM","T"
"ATLASSIAN CORPORATION CL A","TEAM"
"AURORA INNOVATION INC CLASS A COM","AUR"
"AUTODESK INC COM","ADSK"
"AUTOMATIC DATA PROCESSING INC COM","ADP"
"AVIS BUDGET GROUP INC COM","CAR"
"AXON ENTERPRISE INC COM","AXON"
"AXT INC COM","AXTI"
"B2GOLD CORP COM","BTG"
"BABCOCK & WILCOX ENTERPRISES COM","BW"
"BAIDU INC SPON ADR REP A","BIDU"
"BAKKT INC COM CL A NEW","BKKT"
"BANK OF AMER CORP COM","BAC"
"BARRICK MNG CORP COM SHS","B"
"BATH & BODY WORKS INC COM","BBWI"
"BAUSCH HEALTH COS INC COM","BHC"
"BAXTER INTL INC COM","BAX"
"BERKSHIRE HATHAWAY INC DEL CL B NEW","BRK.B"
"BEST BUY INC COM","BBY"
"BEYOND MEAT INC COM","BYND"
"BIGBEAR AI HLDGS INC COM","BBAI"
"BILL HOLDINGS INC COM","BILL"
"BIOGEN INC COM","BIIB"
"BIT DIGITAL INC SHS","BTBT"
"BITDEER TECHNOLOGIES GROUP CL A ORD SHS","BTDR"
"BITMINE IMMERSION TECHS INC COM NEW","BMNR"
"BLACKBERRY LTD COM","BB"
"BLACKROCK INC COM","BLK"
"BLACKSTONE INC COM","BX"
"BLOCK INC CL A","XYZ"
"BLOOM ENERGY CORP COM CL A","BE"
"BLUE OWL CAPITAL INC COM CL A","OWL"
"BOEING CO COM","BA"
"BOOKING HOLDINGS INC COM","BKNG"
"BOOST RUN INC ORD SHS CL A","BRUN"
"BOSTON SCIENTIFIC CORP COM","BSX"
"BP PLC SPONSORED ADR","BP"
"BRC GROUP HOLDINGS INC COM","RILY"
"BRISTOL-MYERS SQUIBB CO COM","BMY"
"BROADCOM INC COM","AVGO"
"BULLISH ORD SHS","BLSH"
"BURLINGTON STORES INC COM","BURL"
"C3 AI INC CL A","AI"
"CADENCE DESIGN SYSTEM INC COM","CDNS"
"CAESARS ENTERTAINMENT INC NEW COM","CZR"
"CAMECO CORP COM","CCJ"
"CANADA GOOSE HLDGS INC SHS SUB VTG","GOOS"
"CANADIAN NAT RES LTD MED TERM COM","CNQ"
"CANADIAN SOLAR INC COM","CSIQ"
"CANOPY GROWTH CORPORATION COM NEW","CGC"
"CAPITAL ONE FINL CORP COM","COF"
"CAPRICOR THERAPEUTICS INC COM NEW","CAPR"
"CARDINAL HEALTH INC COM","CAH"
"CARNIVAL CORP LTD COMMON SHARES","CCL"
"CARRIER GLOBAL CORPORATION COM","CARR"
"CARVANA CO CL A","CVNA"
"CATERPILLAR INC COM","CAT"
"CAVA GROUP INC COM","CAVA"
"CBOE Magnificent 10 Index","MGTN"
"CBOE Volatility Index","VIX"
"CELESTICA INC COM","CLS"
"CELSIUS HLDGS INC COM NEW","CELH"
"CENTENE CORP DEL COM","CNC"
"CEREBRAS SYSTEMS INC COM CL A","CBRS"
"CF INDUSTRIES HOLD COM","CF"
"CHARLES SCHWAB CORP (THE) COM","SCHW"
"CHARTER COMMUNICATIONS INC CL A","CHTR"
"CHEMOURS CO COM","CC"
"CHENIERE ENERGY INC COM NEW","LNG"
"CHEVRON CORPORATION COM","CVX"
"CHEWY INC CL A","CHWY"
"CHIPOTLE MEXICAN GRILL INC COM","CMG"
"CIENA CORP COM NEW","CIEN"
"CINTAS CORP COM","CTAS"
"CIPHER DIGITAL INC COM","CIFR"
"CIRCLE INTERNET GROUP INC COM CL A","CRCL"
"CISCO SYS INC COM","CSCO"
"CITIGROUP INC COM NEW","C"
"CLEANSPARK INC COM NEW","CLSK"
"CLEVELAND-CLIFFS INC NEW COM","CLF"
"CLOUDFLARE INC CL A COM","NET"
"CLOVER HEALTH INVESTMENTS CORP COM CL A","CLOV"
"CME GROUP INC COM","CME"
"COCA COLA CO COM","KO"
"COEUR MNG INC COM NEW","CDE"
"COHERENT CORP COM","COHR"
"COINBASE GLOBAL INC COM CL A","COIN"
"COLGATE PALMOLIVE CO COM","CL"
"COMCAST CORP NEW CL A","CMCSA"
"CONAGRA BRANDS INC COM","CAG"
"CONOCOPHILLIPS COM","COP"
"CONSTELLATION BRANDS INC CL A","STZ"
"CONSTELLATION ENERGY CORP COM","CEG"
"CORE SCIENTIFIC INC NEW COM","CORZ"
"COREWEAVE INC COM CL A","CRWV"
"CORNING INC COM","GLW"
"COSTCO WHOLESALE CORPORATION COM","COST"
"COUPANG INC CL A","CPNG"
"CREDO TECHNOLOGY GROUP HOLDING ORDINARY SHARES","CRDO"
"CRH PLC ORD","CRH"
"CRISPR THERAPEUTICS AG NAMEN AKT","CRSP"
"CRITICAL METALS CORP PUBCO ORD SHS","CRML"
"CROWDSTRIKE HLDGS INC CL A","CRWD"
"CSX CORP COM","CSX"
"CVS HEALTH CORP COM","CVS"
"Cboe Bitcoin Index","CBTX"
"Cboe Global Markets, Inc.","CBOE"
"Cboe Mini Bitcoin Index","MBTX"
"D R HORTON INC COM","DHI"
"D-WAVE QUANTUM INC COM","QBTS"
"DANAHER CORP DEL COM","DHR"
"DATADOG INC CL A COM","DDOG"
"DAVE INC CLASS A COM NEW","DAVE"
"DBX ETF TR XTRACK HRVST CSI","ASHR"
"DECKERS OUTDOOR CORP COM","DECK"
"DEERE & CO COM","DE"
"DELL TECHNOLOGIES INC CL C","DELL"
"DELTA AIR LINES INC COM NEW","DAL"
"DENISON MINES CORP COM","DNN"
"DEVON ENERGY CORP NEW COM","DVN"
"DEXCOM INC COM","DXCM"
"DICKS SPORTING GOODS INC COM","DKS"
"DIGITAL RLTY TR INC COM","DLR"
"DIGITALBRIDGE GROUP INC CL A NEW","DBRG"
"DIGITALOCEAN HLDGS INC COM","DOCN"
"DIREXION SHARES ETF TRUST DA 500 BE 3X ETF","SPXS"
"DIREXION SHARES ETF TRUST DA 500 BU 3X ETF","SPXL"
"DIREXION SHARES ETF TRUST DA BI BU 3X ETF","LABU"
"DIREXION SHARES ETF TRUST DA FT CH BU ETF","YINN"
"DIREXION SHARES ETF TRUST DAI BIO BEA ETF","LABD"
"DIREXION SHARES ETF TRUST DAI GOL BUL ETF","NUGT"
"DIREXION SHARES ETF TRUST DAI SEM 3X ETF","SOXS"
"DIREXION SHARES ETF TRUST DAI SEM BUL ETF","SOXL"
"DIREXION SHARES ETF TRUST DAIL HO SUPP ETF","NAIL"
"DIREXION SHARES ETF TRUST DAIL MS KORE ETF","KORU"
"DIREXION SHARES ETF TRUST DAILY BANKS ETF","DPST"
"DIREXION SHARES ETF TRUST DAILY FINANCIAL","FAS"
"DIREXION SHARES ETF TRUST DAILY SMALL CAP","TNA"
"DIREXION SHARES ETF TRUST DAILY SMALL CAP","TZA"
"DIREXION SHARES ETF TRUST DLY 20 YR TRESUR","TMF"
"DIREXION SHARES ETF TRUST DLY META BULL 2X","METU"
"DIREXION SHARES ETF TRUST DLY MU BULL 2X","MUU"
"DIREXION SHARES ETF TRUST DLY TSLA BULL 2X","TSLL"
"DISNEY WALT CO COM","DIS"
"DOCUSIGN INC COM","DOCU"
"DOLLAR GEN CORP COM","DG"
"DOLLAR TREE INC COM","DLTR"
"DOORDASH INC CL A","DASH"
"DOW HLDGS INC COM","DOW"
"DRAFTKINGS INC NEW COM CL A","DKNG"
"DROPBOX INC CL A","DBX"
"DUOLINGO INC CL A COM","DUOL"
"DUTCH BROS INC CL A","BROS"
"Dow Jones Industrial Average","DJX"
"E L F BEAUTY INC COM","ELF"
"EATON CORP PLC SHS","ETN"
"EBAY INC. COM","EBAY"
"ECHOSTAR CORP CL A","ECHO"
"EIGHTCO HOLDINGS INC COM","ORBS"
"ELI LILLY & CO COM","LLY"
"EMERSON ELEC CO COM","EMR"
"ENERGY FUELS INC COM NEW","UUUU"
"ENERGY TRANSFER L P COM UT LTD PTN","ET"
"ENOVIX CORPORATION COM","ENVX"
"ENPHASE ENERGY INC COM","ENPH"
"ENTERPRISE PRODS PARTNERS L P COM","EPD"
"EOG RES INC COM","EOG"
"EOS ENERGY ENTERPRISES INC COM CL A","EOSE"
"EQT CORP COM","EQT"
"ETF SER SOLUTIONS US GLB JETS","JETS"
"ETSY INC COM","ETSY"
"EXPAND ENERGY CORPORATION COM","EXE"
"EXPEDIA GROUP INC COM NEW","EXPE"
"EXXONMOBIL HOLDINGS CORP COM SHS","XOM"
"FASTLY INC CL A","FSLY"
"FEDEX CORP COM","FDX"
"FERMI INC COM","FRMI"
"FERRARI N V COM","RACE"
"FIDELITY NATL INFORMATION SVCS COM","FIS"
"FIGMA INC CLASS A COM STK","FIG"
"FIGURE TECHNOLOGY SOLUTIO COM CL A","FIGR"
"FIREFLY AEROSPACE INC COM","FLY"
"FIRST MAJESTIC SILVER CORP COM","AG"
"FIRST SOLAR INC COM","FSLR"
"FISERV INC COM","FISV"
"FORD MTR CO COM","F"
"FORTINET INC COM","FTNT"
"FREEPORT MCMORAN INC CL B","FCX"
"FTAI AVIATION LTD SHS","FTAI"
"FUBOTV INC COM NEW CL A","FUBO"
"FUELCELL ENERGY INC COM NEW","FCEL"
"FUTU HLDGS LTD SPON ADS CL A","FUTU"
"Fidelity Wise Origin Bitcoin Fund","FBTC"
"GALAXY DIGITAL INC. CL A","GLXY"
"GAMESTOP CORP CL A","GME"
"GAP INC COM","GAP"
"GE AEROSPACE COM NEW","GE"
"GE HEALTHCARE TECHNOLOGIES INC COMMON STOCK","GEHC"
"GE VERNOVA INC COM","GEV"
"GEMINI SPACE STA INC CL A COM","GEMI"
"GENEDX HOLDINGS CORP COM CL A","WGS"
"GENERAC HLDGS INC COM","GNRC"
"GENERAL DYNAMICS CORP COM","GD"
"GENERAL MTRS CO COM","GM"
"GILEAD SCIENCES INC COM","GILD"
"GITLAB INC CLASS A COM","GTLB"
"GLOBAL X FDS GLOBAL X COPPER","COPX"
"GLOBAL X FDS GLOBAL X URANIUM","URA"
"GODADDY INC CL A","GDDY"
"GOLDMAN SACHS GROUP INC COM","GS"
"GORILLA TECHNOLOGY GROUP INC SHS NEW","GRRR"
"GRAB HOLDINGS LIMITED CLASS A ORD","GRAB"
"GRANITESHARES ETF TR 2X LONG NVDA ETF","NVDL"
"GRANITESHARES ETF TR GRANITE 2X LONG","AMDL"
"GRAYSCALE BITCOIN TRUST ETF SHS REP COM UT","GBTC"
"GRAYSCALE ETHEREUM STAKING ETF SHS","ETHE"
"GRAYSCALE ETHEREUM STAKING SHS NEW","ETH"
"GSK PLC SPONSORED ADR","GSK"
"HALLIBURTON CO COM","HAL"
"HARLEY DAVIDSON INC COM","HOG"
"HECLA MINING COMPANY COM","HL"
"HERBALIFE LTD COM SHS","HLF"
"HERSHEY CO COM","HSY"
"HERTZ GLOBAL HLDGS INC COM NEW","HTZ"
"HEWLETT PACKARD ENTERPRISE CO COM","HPE"
"HILTON WORLDWIDE HLDGS INC COM","HLT"
"HIMS & HERS HEALTH INC COM CL A","HIMS"
"HIVE DIGITAL TECHNOLOGIES LTD COM NEW","HIVE"
"HOME DEPOT INC COM","HD"
"HONEYWELL INTL INC COM","HON"
"HORMEL FOODS CORP COM","HRL"
"HOWMET AEROSPACE INC COM","HWM"
"HP INC COM","HPQ"
"HSBC HLDGS PLC SPON ADR NEW","HSBC"
"HUMANA INC COM","HUM"
"HUT 8 CORP COM","HUT"
"HYPERLIQUID STRATEGIES INC COM","PURR"
"IMMUNITYBIO INC COM","IBRX"
"INFLEQTION INC COM SHS","INFQ"
"INNODATA INC COM NEW","INOD"
"INOVIO PHARMACEUTICALS INC COM SHS","INO"
"INTEL CORP COM","INTC"
"INTERACTIVE BROKERS GROUP INC COM CL A","IBKR"
"INTERCONTINENTAL EXCHANGE INC COM","ICE"
"INTERNATIONAL BUSINESS MACHS COM","IBM"
"INTERNATIONAL PAPER CO COM","IP"
"INTUIT COM","INTU"
"INTUITIVE MACHINES INC CLASS A COM","LUNR"
"INTUITIVE SURGICAL INC COM NEW","ISRG"
"INVESCO EXCHANGE TRADED FD TR S&P500 EQL WGT","RSP"
"INVESCO EXCHANGE-TRADED FD TR SR LN ETF","BKLN"
"INVESCO QQQ TR UNIT SER 1","QQQ"
"IONQ INC COM","IONQ"
"IOVANCE BIOTHERAPEUTICS INC COM","IOVA"
"IQIYI INC SPONSORED ADS","IQ"
"IREN LIMITED ORDINARY SHARES","IREN"
"IRON MTN INC DEL COM","IRM"
"ISHARES BITCOIN TRUST ETF SHS BEN INT","IBIT"
"ISHARES ETHEREUM TR SHS","ETHA"
"ISHARES GOLD TR ISHARES NEW","IAU"
"ISHARES INC MSCI BRAZIL ETF","EWZ"
"ISHARES INC MSCI JAPAN ETF","EWJ"
"ISHARES INC MSCI STH KOR ETF","EWY"
"ISHARES SILVER TR ISHARES","SLV"
"ISHARES TR 20 YR TR BD ETF","TLT"
"ISHARES TR 7-10 YR TRSY BD","IEF"
"ISHARES TR CHINA LG-CAP ETF","FXI"
"ISHARES TR CORE S&P500 ETF","IVV"
"ISHARES TR GL CLEAN ENE ETF","ICLN"
"ISHARES TR IBOXX HI YD ETF","HYG"
"ISHARES TR IBOXX INV CP ETF","LQD"
"ISHARES TR ISHARES SEMICDTR","SOXX"
"ISHARES TR MSCI EAFE ETF","EFA"
"ISHARES TR MSCI EMG MKT ETF","EEM"
"ISHARES TR NASDAQ 100 ETF","IQQ"
"ISHARES TR RUSSELL 2000 ETF","IWM"
"ISHARES TR U.S. REAL ES ETF","IYR"
"JABIL INC COM","JBL"
"JD.COM INC SPON ADS CL A","JD"
"JETBLUE AIRWAYS CORP COM","JBLU"
"JOBY AVIATION INC COMMON STOCK","JOBY"
"JOHNSON & JOHNSON COM","JNJ"
"JPMORGAN CHASE & CO COM","JPM"
"JUMIA TECHNOLOGIES AG SPONSORED ADS","JMIA"
"KE HLDGS INC SPONSORED ADS","BEKE"
"KEEL INFRASTRUCTURE CORP COM SHS","KEEL"
"KENVUE INC COM","KVUE"
"KIMBERLY-CLARK CORP COM","KMB"
"KINDER MORGAN INC DEL COM","KMI"
"KINROSS GOLD CORP COM","KGC"
"KKR & CO INC COM","KKR"
"KLA CORP COM NEW","KLAC"
"KLARNA GROUP PLC SHS","KLAR"
"KOHLS CORP COM","KSS"
"KOPIN CORP COM","KOPN"
"KRAFT HEINZ CO COM","KHC"
"KRANESHARES TRUST CSI CHI INTERNET","KWEB"
"KRATOS DEFENSE & SEC SOLUTIONS COM NEW","KTOS"
"KRISPY KREME INC COM","DNUT"
"KROGER CO COM","KR"
"L3HARRIS TECHNOLOGIES INC COM","LHX"
"LAM RESEARCH CORP COM NEW","LRCX"
"LAS VEGAS SANDS CORP COM","LVS"
"LASER PHOTONICS CORP COM","LASE"
"LAUDER ESTEE COS INC CL A","EL"
"LEMONADE INC COM","LMND"
"LENNAR CORP CL A","LEN"
"LI AUTO INC SPONSORED ADS","LI"
"LIQUIDIA CORPORATION COM NEW","LQDA"
"LITHIUM AMERS CORP NEW COM SHS","LAC"
"LIVE NATION ENTERTAINMENT INC COM","LYV"
"LOANDEPOT INC COM CL A","LDI"
"LOCKHEED MARTIN CORP COM","LMT"
"LOWES COS INC COM","LOW"
"LUCID GROUP INC COM NEW","LCID"
"LULULEMON ATHLETICA INC COM","LULU"
"LUMEN TECHNOLOGIES INC COM","LUMN"
"LUMENTUM HLDGS INC COM","LITE"
"LYFT INC CL A COM","LYFT"
"Leverage Shares 2X Long SPCX Daily ETF","SPCH"
"MACYS INC COM","M"
"MANNKIND CORP COM NEW","MNKD"
"MAPLEBEAR INC COM","CART"
"MARA HOLDINGS INC COM","MARA"
"MARRIOTT INTL INC NEW CL A","MAR"
"MARVELL TECHNOLOGY INC COM","MRVL"
"MASTERCARD INCORPORATED CL A","MA"
"MCDONALDS CORP COM","MCD"
"MEDICAL PROPERTIES TRUST INC COM","MPT"
"MEDTRONIC PLC SHS","MDT"
"MERCADOLIBRE INC COM","MELI"
"MERCK & CO INC COM","MRK"
"META PLATFORMS INC CL A","META"
"MICROCHIP TECHNOLOGY INC. COM","MCHP"
"MICRON TECHNOLOGY INC COM","MU"
"MICROSOFT CORP COM","MSFT"
"MICROVISION INC DEL COM","MVIS"
"MOBILEYE GLOBAL INC COMMON CLASS A","MBLY"
"MODERNA INC COM","MRNA"
"MONDELEZ INTL INC CL A","MDLZ"
"MONGODB INC CL A","MDB"
"MORGAN STANLEY COM NEW","MS"
"MOSAIC CO COM","MOS"
"MP MATERIALS CORP COM CL A","MP"
"Mini Russell 2000 Index","MRUT"
"Mini-SPX","XSP"
"MiniSPXBinaryOptions","XSPBX"
"NANO NUCLEAR ENERGY INC COM","NNE"
"NANOS Index","NANOS"
"NASDAQ INC COM","NDAQ"
"NAVITAS SEMICONDUCTOR CORP COM","NVTS"
"NEBIUS GROUP N.V. SHS CLASS A","NBIS"
"NETFLIX INC. COM","NFLX"
"NEW ERA ENERGY & DIGITAL INC COM","NUAI"
"NEW FORTRESS ENERGY INC COM CL A","NFE"
"NEWMONT CORP COM","NEM"
"NEWSMAX INC COM SHS CLASS B","NMAX"
"NEXTERA ENERGY INC COM","NEE"
"NEXTNAV INC COMMON STOCK","NN"
"NIKE INC CL B","NKE"
"NIO INC SPON ADS","NIO"
"NIOCORP DEVS LTD COM NEW","NB"
"NLIGHT INC COM","LASR"
"NOKIA CORP SPONSORED ADR","NOK"
"NORTHERN DYNASTY MINERALS LTD COM NEW","NAK"
"NORWEGIAN CRUISE LINE HLDGS LT SHS","NCLH"
"NOVAVAX INC COM NEW","NVAX"
"NOVO-NORDISK A S ADR","NVO"
"NRG ENERGY INC COM NEW","NRG"
"NU HLDGS LTD ORD SHS CL A","NU"
"NUSCALE PWR CORP CL A COM","SMR"
"NUTRIEN LTD COM","NTR"
"NVIDIA CORPORATION COM","NVDA"
"OCCIDENTAL PETE CORP COM","OXY"
"ODDITY TECH LTD SHS CL A","ODD"
"OKLO INC COM CL A","OKLO"
"OKTA INC CL A","OKTA"
"ON HLDG AG NAMEN AKT A","ONON"
"ON SEMICONDUCTOR CORP COM","ON"
"ONDAS INC COM NEW","ONDS"
"OPENDOOR TECHNOLOGIES INC COM","OPEN"
"ORACLE CORP COM","ORCL"
"OSCAR HEALTH INC CL A","OSCR"
"OUSTER INC COM NEW","OUST"
"PALANTIR TECHNOLOGIES INC CL A","PLTR"
"PALO ALTO NETWORKS INC COM","PANW"
"PAN AMERN SILVER CORP COM","PAAS"
"PARAMOUNT SKYDANCE CORP COM CL B","PSKY"
"PAYPAL HLDGS INC COM","PYPL"
"PDD HOLDINGS INC SPONSORED ADS","PDD"
"PEABODY ENGR CORP COM","BTU"
"PELOTON INTERACTIVE INC CL A COM","PTON"
"PEPSICO INC COM","PEP"
"PETROLEO BRASILEIRO S A SPONSORED ADR","PBR"
"PFIZER INC COM","PFE"
"PG&E CORP COM","PCG"
"PHILIP MORRIS INTL INC COM","PM"
"PHILLIPS 66 COM","PSX"
"PINTEREST INC CL A","PINS"
"PLAINS ALL AMERN PIPELINE L P UNIT LTD PARTN","PAA"
"PLANET LABS PBC COM CL A","PL"
"PLUG PWR INC COM NEW","PLUG"
"PNC FINL SVCS GROUP INC COM","PNC"
"POET TECHNOLOGIES INC COM NEW","POET"
"PONY AI INC SPONSORED ADS","PONY"
"PPG INDS INC COM","PPG"
"PROCAP FINL INC COM SHS","BRR"
"PROCTER & GAMBLE CO COM","PG"
"PROGRESSIVE CORP COM","PGR"
"PROSHARES TR BITCOIN ETF","BITO"
"PROSHARES TR II ULSHT BLOOMB GAS","KOLD"
"PROSHARES TR II ULSHT BLOOMB OIL","SCO"
"PROSHARES TR II ULTRA BLOOMBERG","BOIL"
"PROSHARES TR II ULTRA SHORT SILV","ZSL"
"PROSHARES TR II ULTRA SILVER NEW","AGQ"
"PROSHARES TR PSHS ULT S&P 500","SSO"
"PROSHARES TR ULTRAPRO QQQ","TQQQ"
"PROSHARES TR ULTRAPRO SHORT","SQQQ"
"PROSHARES TR ULTRPRO S&P500","UPRO"
"PULTE GROUP INC COM","PHM"
"PURECYCLE TECHNOLOGIES INC COM","PCT"
"ProShares Ultra VIX Short-Term Futures ETF","UVXY"
"QUALCOMM INC COM","QCOM"
"QUANTUM COMPUTING INC COM","QUBT"
"QUANTUM SI INC COM CL A","QSI"
"QUANTUMSCAPE CORP COM CL A","QS"
"QXO INC COM NEW","QXO"
"RACKSPACE TECHNOLOGY INC COM","RXT"
"RECURSION PHARMACEUTICALS INC CL A","RXRX"
"RED CAT HLDGS INC COM","RCAT"
"REDDIT INC CL A","RDDT"
"REDWIRE CORPORATION COM","RDW"
"REGENERON PHARMACEUTICALS COM","REGN"
"REPLIMUNE GROUP INC COM","REPL"
"REZOLVE AI PLC ORD SHS","RZLV"
"RH COM","RH"
"RICHTECH ROBOTICS INC CL B","RR"
"RIGETTI COMPUTING INC COMMON STOCK","RGTI"
"RINGCENTRAL INC CL A","RNG"
"RIOT PLATFORMS INC COM","RIOT"
"RIVIAN AUTOMOTIVE INC COM CL A","RIVN"
"ROBINHOOD MKTS INC COM CL A","HOOD"
"ROBLOX CORP CL A","RBLX"
"ROCKET COS INC COM CL A","RKT"
"ROCKET LAB CORP COM","RKLB"
"ROKU INC COM CL A","ROKU"
"ROSS STORES INC COM","ROST"
"ROYAL CARIBBEAN GROUP COM","RCL"
"RTX CORPORATION COM","RTX"
"RUBRIK INC. CL A","RBRK"
"RUM GROUP INC COM CL A","RUM"
"Roundhill Magnificent Seven ETF","MAGS"
"Roundhill Memory ETF","DRAM"
"Russell 2000 Index","RUT"
"S&P 100 index American-style","OEX"
"S&P 100 index European-style","XEO"
"S&P GLOBAL INC COM","SPGI"
"SABLE OFFSHORE CORP COM SHS","SOC"
"SALESFORCE INC COM","CRM"
"SAMSARA INC COM CL A","IOT"
"SANDISK CORP COM","SNDK"
"SAP SE SPON ADR","SAP"
"SAREPTA THERAPEUTICS INC COM","SRPT"
"SCHWAB STRATEGIC TR US DIVIDEND EQ","SCHD"
"SEA LTD SPONSORD ADS","SE"
"SEAGATE TECHNOLOGY HLDNGS PLC ORD SHS","STX"
"SEALSQ CORP ORD SHS","LAES"
"SELECT SECTOR SPDR TR ST STR CARE ETF","XLV"
"SELECT SECTOR SPDR TR ST STR DISCR ETF","XLY"
"SELECT SECTOR SPDR TR ST STR ENERG ETF","XLE"
"SELECT SECTOR SPDR TR ST STR FINL ETF","XLF"
"SELECT SECTOR SPDR TR ST STR INDL ETF","XLI"
"SELECT SECTOR SPDR TR ST STR MATER ETF","XLB"
"SELECT SECTOR SPDR TR ST STR STAPL ETF","XLP"
"SELECT SECTOR SPDR TR ST STR SVC ETF","XLC"
"SELECT SECTOR SPDR TR ST STR TECHN ETF","XLK"
"SELECT SECTOR SPDR TR ST STR UTIL ETF","XLU"
"SELLAS LIFE SCIENCES GROUP INC COM NEW","SLS"
"SENTINELONE INC CL A","S"
"SERVE ROBOTICS INC COM","SERV"
"SERVICENOW INC COM","NOW"
"SHAKE SHACK INC CL A","SHAK"
"SHARPLINK INC COM NEW","SBET"
"SHELL PLC SPON ADS","SHEL"
"SHOPIFY INC CL A SUB VTG SHS","SHOP"
"SIGNET JEWELERS LTD SHS","SIG"
"SIRIUSXM HOLDINGS INC COMMON STOCK","SIRI"
"SK HYNIX INC AMERICAN DEPOSIT","SKHY"
"SLB LIMITED COM STK","SLB"
"SNAP INC CL A","SNAP"
"SNOWFLAKE INC COM SHS","SNOW"
"SOFI TECHNOLOGIES INC COM","SOFI"
"SOLAREDGE TECHNOLOGIES INC COM","SEDG"
"SONY GROUP CORP SPONSORED ADR","SONY"
"SOUNDHOUND AI INC CLASS A COM","SOUN"
"SOUTHERN CO COM","SO"
"SOUTHERN COPPER CORP COM","SCCO"
"SOUTHWEST AIRLS CO COM","LUV"
"SP500 Equal Weight Index","SPEQX"
"SPACE EXPLORATION TECHN CORP CLASS A COM STK","SPCX"
"SPDR GOLD TR GOLD SHS","GLD"
"SPDR INDEX SHS FDS ST STR EU 50 ETF","FEZ"
"SPDR SERIES TRUST SP O&G EXPL PRO","XOP"
"SPDR SERIES TRUST ST STR SP BIOT","XBI"
"SPDR SERIES TRUST ST STR SP HOME","XHB"
"SPDR SERIES TRUST ST STR SP REGBNK","KRE"
"SPDR SERIES TRUST ST STR SP RETAIL","XRT"
"SPOTIFY TECHNOLOGY S A SHS","SPOT"
"SPX","SPX"
"STARBUCKS CORP COM","SBUX"
"STATE STR SPDR DOW JONES INDL UT SER 1","DIA"
"STATE STR SPDR S&P 500 ETF TR TR UNIT","SPY"
"STELLANTIS N.V SHS","STLA"
"STMICROELECTRONICS N V NY REGISTRY","STM"
"STRATEGY INC CL A NEW","MSTR"
"STRIVE INC CL A COM","ASST"
"STUBHUB HLDGS INC CL A","STUB"
"SUMMIT THERAPEUTICS INC COM","SMMT"
"SUNCOR ENERGY INC NEW COM","SU"
"SUNRUN INC COM","RUN"
"SUPER MICRO COMPUTER INC COM NEW","SMCI"
"SWEETGREEN INC COM CL A","SG"
"SYMBOTIC INC CLASS A COM","SYM"
"SYNOPSYS INC COM","SNPS"
"T-MOBILE US INC COM","TMUS"
"T-Rex 2X Long MSTR Daily Target ETF","MSTU"
"T-Rex 2X Long NVIDIA Daily Target ETF","NVDX"
"T1 ENERGY INC COM NEW","TE"
"TAIWAN SEMICONDUCTOR MANUFACT SPONSORED ADS","TSM"
"TAKE-TWO INTERACTIVE SOFTWARE COM","TTWO"
"TALEN ENERGY CORP COM","TLN"
"TAPESTRY INC COM","TPR"
"TARGET CORP COM","TGT"
"TECK RESOURCES LTD CL B","TECK"
"TELADOC HEALTH INC COM","TDOC"
"TEMA ETF TRUST SPACE INNOV ETF","NASA"
"TEMPUS AI INC CL A","TEM"
"TERADYNE INC COM","TER"
"TERAWULF INC COM","WULF"
"TESLA INC COM","TSLA"
"TEXAS INSTRS INC COM","TXN"
"TEXAS ROADHOUSE INC COM","TXRH"
"THE CAMPBELLS COMPANY COM","CPB"
"THE CIGNA GROUP COM","CI"
"THE TRADE DESK INC COM CL A","TTD"
"THERMO FISHER SCIENTIFIC INC COM","TMO"
"TIDAL TRUST II DE 2X LO MS ETF","MSTX"
"TILRAY BRANDS INC COM","TLRY"
"TJX COS INC NEW COM","TJX"
"TMC THE METALS COMPANY INC COM","TMC"
"TOAST INC CL A","TOST"
"TOWER SEMICONDUCTOR LTD SHS NEW","TSEM"
"TRACTOR SUPPLY CO COM","TSCO"
"TRANSMEDICS GROUP INC COM","TMDX"
"TRANSOCEAN LTD REGISTERED SHS","RIG"
"TRIPADVISOR INC COM","TRIP"
"TRUMP MEDIA & TECHNOLOGY GROUP COM","DJT"
"TWILIO INC CL A","TWLO"
"Tradr 2X Long SNDK Daily ETF","SNXX"
"UBER TECHNOLOGIES INC COM","UBER"
"UIPATH INC CL A","PATH"
"ULTA BEAUTY INC COM","ULTA"
"UNILEVER PLC SPON ADR NEW","UL"
"UNION PAC CORP COM","UNP"
"UNITED AIRLS HLDGS INC COM","UAL"
"UNITED PARCEL SVCS INC CL B","UPS"
"UNITED RENTALS INC COM","URI"
"UNITED STATES ANTIMONY CORP COM","UAMY"
"UNITED STS BRENT OIL FD LP UNIT","BNO"
"UNITED STS NAT GAS FD LP UNIT PAR","UNG"
"UNITED STS OIL FD LP UNITS","USO"
"UNITEDHEALTH GROUP INC COM","UNH"
"UNITY SOFTWARE INC COM","U"
"UNUSUAL MACHS INC COM SHS","UMAC"
"UP FINTECH HLDG LTD SPONSORED ADS","TIGR"
"UPEXI INC COM NEW","UPXI"
"UPSTART HLDGS INC COM","UPST"
"URANIUM ENERGY CORP COM","UEC"
"URBAN OUTFITTERS INC COM","URBN"
"US BANCORP COM NEW","USB"
"USA RARE EARTH INC COM","USAR"
"UWM HOLDINGS CORPORATION COM CL A","UWMC"
"V F CORP COM","VFC"
"VALE S A SPONSORED ADS","VALE"
"VALERO ENERGY CORP COM","VLO"
"VANECK ETF TRUST GOLD MINERS ETF","GDX"
"VANECK ETF TRUST JUNIOR GOLD MINE","GDXJ"
"VANECK ETF TRUST SEMICONDUCTR ETF","SMH"
"VANGUARD INDEX FDS S&P 500 ETF SHS","VOO"
"VANGUARD STAR FDS VG TL INTL STK F","VXUS"
"VENTURE GLOBAL INC COM CL A","VG"
"VERIZON COMMUNICATIONS INC COM","VZ"
"VERTEX PHARMACEUTICALS INC COM","VRTX"
"VERTIV HOLDINGS CO COM CL A","VRT"
"VERU INC COM NEW","VERU"
"VIKING THERAPEUTICS INC COM","VKTX"
"VIRGIN GALACTIC HOLDINGS INC COM NEW","SPCE"
"VISA INC COM CL A","V"
"VISTRA CORP COM","VST"
"VODAFONE GROUP PLC SPONSORED ADR","VOD"
"WALMART INC COM","WMT"
"WARBY PARKER INC CL A COM","WRBY"
"WARNER BROS DISCOVERY INC COM SER A","WBD"
"WAYFAIR INC CL A","W"
"WEBULL CORP ORD SHS","BULL"
"WELLS FARGO & CO COM","WFC"
"WENDYS CO COM","WEN"
"WESTERN DIGITAL CORP COM","WDC"
"WHEATON PRECIOUS METALS CORP COM","WPM"
"WILLIAMS COS INC COM","WMB"
"WOLFSPEED INC COMMON STOCK","WOLF"
"WORKDAY INC CL A","WDAY"
"WYNN RESORTS LTD COM","WYNN"
"X-ENERGY INC COM CL A","XE"
"XANADU QUANTUM TECHNOLO LTD SUB VTG B","XNDU"
"XP INC CL A","XP"
"XPENG INC ADS","XPEV"
"ZETA GLOBAL HOLDINGS CORP CL A","ZETA"
"ZIM INTEGRATED SHIPPING SERV SHS","ZIM"
"ZOOM COMMUNICATIONS INC CL A","ZM"
"ZOOMINFO TECHNOLOGIES INC COMMON STOCK","GTM"
"ZSCALER INC COM","ZS"
"iPath Series B S&P 500 VIX Short-Term Futures ETN","VXX"
"iShares Expanded Tech-Software Sector ETF","IGV"
"iShares MSCI USA Momentum Factor ETF","MTUM"
